{
  "type": "enchant",
  "eye_aura_req": "",
  "guid": "ench_ring_offh_coldres_lightres_flat",
  "one_of_a_kind": "",
  "only_one_per_item": true,
  "requirements": {
    "tag_requirements": [
      {
        "type": "GearSlot",
        "excluded": [],
        "included": [
          "enchantment",
          "ring",
          "offhand_family"
        ],
        "req_type": "INCLUDES_ANY"
      }
    ]
  },
  "stats": [
    {
      "type": "FLAT",
      "max": 15,
      "min": 5,
      "stat": "water_resist"
    },
    {
      "type": "FLAT",
      "max": 15,
      "min": 5,
      "stat": "lightning_resist"
    }
  ],
  "weight": 1000
}
