{
  "type": "enchant",
  "eye_aura_req": "",
  "guid": "ench_ring_offh_physres_chaosres_flat",
  "one_of_a_kind": "",
  "only_one_per_item": true,
  "requirements": {
    "tag_requirements": [
      {
        "type": "GearSlot",
        "excluded": [],
        "included": [
          "enchantment",
          "ring",
          "offhand_family"
        ],
        "req_type": "INCLUDES_ANY"
      }
    ]
  },
  "stats": [
    {
      "type": "FLAT",
      "max": 3,
      "min": 1,
      "stat": "armor"
    },
    {
      "type": "FLAT",
      "max": 12,
      "min": 4,
      "stat": "chaos_resist"
    }
  ],
  "weight": 1000
}
