{
  "type": "enchant",
  "eye_aura_req": "",
  "guid": "ench_necklace_dex_percent",
  "one_of_a_kind": "",
  "only_one_per_item": true,
  "requirements": {
    "tag_requirements": [
      {
        "type": "GearSlot",
        "excluded": [],
        "included": [
          "enchantment",
          "necklace"
        ],
        "req_type": "INCLUDES_ANY"
      }
    ]
  },
  "stats": [
    {
      "type": "PERCENT",
      "max": 9.0,
      "min": 3.0,
      "stat": "dexterity"
    }
  ],
  "weight": 1000
}
