{
  "type": "jewel_corruption",
  "eye_aura_req": "",
  "guid": "jewel_corrupt_lucky",
  "one_of_a_kind": "",
  "only_one_per_item": true,
  "requirements": {
    "tag_requirements": [
      {
        "type": "GearSlot",
        "excluded": [],
        "included": [],
        "req_type": "INCLUDES_ANY"
      }
    ]
  },
  "stats": [
    {
      "type": "FLAT",
      "max": 10.0,
      "min": 2.0,
      "stat": "magic_find"
    },
    {
      "type": "FLAT",
      "max": 5.0,
      "min": 1.0,
      "stat": "increased_quantity"
    }
  ],
  "weight": 1000
}