{
  "type": "prefix",
  "eye_aura_req": "",
  "guid": "catalyzing",
  "one_of_a_kind": "",
  "only_one_per_item": true,
  "requirements": {
    "tag_requirements": [
      {
        "type": "GearSlot",
        "excluded": [],
        "included": [
          "weapon_family",
          "jewel_dex",
		  "jewelry_family"
        ],
        "req_type": "INCLUDES_ANY"
      }
    ]
  },
  "stats": [
    {
      "type": "FLAT",
      "max": 20.0,
      "min": 4.0,
      "stat": "elemental_attack_damage"
    }
  ],
  "weight": 1000
}