{
  "type": "prefix",
  "eye_aura_req": "",
  "guid": "energy_thief",
  "one_of_a_kind": "",
  "only_one_per_item": true,
  "requirements": {
    "tag_requirements": [
      {
        "type": "GearSlot",
        "excluded": [
		  "two_handed"
		],
        "included": [
          "jewelry_family",
          "sword",
		  "axe",
		  "hammer",
		  "gauntlet"
        ],
        "req_type": "INCLUDES_ANY"
      }
    ]
  },
  "stats": [
    {
      "type": "FLAT",
      "max": 5.0,
      "min": 1.0,
      "stat": "energy_on_hit_hit"
    }
  ],
  "weight": 1000
}