{
  "type": "prefix",
  "eye_aura_req": "",
  "guid": "enhanced",
  "one_of_a_kind": "",
  "only_one_per_item": false,
  "requirements": {
    "tag_requirements": [
      {
        "type": "GearSlot",
        "excluded": [],
        "included": [
          "elytra",
		  "head"
        ],
        "req_type": "INCLUDES_ANY"
      }
    ]
  },
  "stats": [
    {
      "type": "FLAT",
      "max": 1.0,
      "min": 1.0,
      "stat": "move_speed"
    },
    {
      "type": "FLAT",
      "max": 1.0,
      "min": 1.0,
      "stat": "bonus_exp"
    }
  ],
  "weight": 1000
}