{
  "type": "enchant",
  "eye_aura_req": "",
  "guid": "ench_offh_physres_flat",
  "one_of_a_kind": "",
  "only_one_per_item": true,
  "requirements": {
    "tag_requirements": [
      {
        "type": "GearSlot",
        "excluded": [],
        "included": [
          "enchantment",
          "offhand_family"
        ],
        "req_type": "INCLUDES_ANY"
      }
    ]
  },
  "stats": [
    {
      "type": "FLAT",
      "max": 12,
      "min": 4,
      "stat": "physical_resist"
    }
  ],
  "weight": 1000
}
