{
  "type": "enchant",
  "eye_aura_req": "",
  "guid": "enchantment_wep_dmg",
  "one_of_a_kind": "",
  "only_one_per_item": true,
  "requirements": {
    "tag_requirements": [
      {
        "type": "GearSlot",
        "excluded": [],
        "included": [
          "enchantment",
          "weapon_family"
        ],
        "req_type": "INCLUDES_ANY"
      }
    ]
  },
  "stats": [
    {
      "type": "PERCENT",
      "max": 12.0,
      "min": 4.0,
      "stat": "gear_weapon_damage"
    }
  ],
  "weight": 0
}