{
  "type": "enchant",
  "eye_aura_req": "",
  "guid": "ench_boots_exile_effect_frenzy_charge_on_kill",
  "one_of_a_kind": "",
  "only_one_per_item": true,
  "requirements": {
    "tag_requirements": [
      {
        "type": "GearSlot",
        "excluded": [],
        "included": [
          "enchantment",
          "boots"
        ],
        "req_type": "INCLUDES_ANY"
      }
    ]
  },
  "stats": [
    {
      "type": "FLAT",
      "max": 30,
      "min": 10,
      "stat": "frenzy_charge_on_kill"
    }
  ],
  "weight": 1000
}
