{
  "type": "enchant",
  "eye_aura_req": "",
  "guid": "ench_weapon_family_areadam_flat",
  "one_of_a_kind": "",
  "only_one_per_item": true,
  "requirements": {
    "tag_requirements": [
      {
        "type": "GearSlot",
        "excluded": [],
        "included": [
          "enchantment",
          "weapon_family"
        ],
        "req_type": "INCLUDES_ANY"
      }
    ]
  },
  "stats": [
    {
      "type": "FLAT",
      "max": 30,
      "min": 10,
      "stat": "area_dmg"
    }
  ],
  "weight": 1000
}
