{
  "type": "prefix",
  "eye_aura_req": "",
  "guid": "chaos_wep_dmg",
  "one_of_a_kind": "",
  "only_one_per_item": true,
  "requirements": {
    "tag_requirements": [
      {
        "type": "GearSlot",
        "excluded": [],
        "included": [
          "weapon_family",
          "jewel_dex"
        ],
        "req_type": "INCLUDES_ANY"
      }
    ]
  },
  "stats": [
    {
      "type": "FLAT",
      "max": 15.0,
      "min": 3.0,
      "stat": "all_chaos_damage"
    }
  ],
  "weight": 1000
}