{
  "type": "prefix",
  "eye_aura_req": "",
  "guid": "promised",
  "one_of_a_kind": "",
  "only_one_per_item": true,
  "requirements": {
    "tag_requirements": [
      {
        "type": "GearSlot",
        "excluded": [],
        "included": [
          "tome",
		  "cloth_pants",
		  "jewelry_family",
          "jewel_int"
        ],
        "req_type": "INCLUDES_ANY"
      }
    ]
  },
  "stats": [
    {
      "type": "FLAT",
      "max": 6.0,
      "min": 1.2,
      "stat": "magic_shield_regen"
    }
  ],
  "weight": 1000
}