{
  "type": "prefix",
  "eye_aura_req": "",
  "guid": "wep_item_both",
  "one_of_a_kind": "",
  "only_one_per_item": true,
  "requirements": {
    "tag_requirements": [
      {
        "type": "GearSlot",
        "excluded": [],
        "included": [
          "weapon_family"
        ],
        "req_type": "INCLUDES_ANY"
      }
    ]
  },
  "stats": [
    {
      "type": "PERCENT",
      "max": 30.0,
      "min": 6.0,
      "stat": "gear_weapon_damage"
    },
    {
      "type": "FLAT",
      "max": 5.0,
      "min": 1.0,
      "stat": "accuracy"
    }
  ],
  "weight": 1000
}