{
  "type": "prefix",
  "eye_aura_req": "",
  "guid": "wep_item_flat",
  "one_of_a_kind": "",
  "only_one_per_item": true,
  "requirements": {
    "tag_requirements": [
      {
        "type": "GearSlot",
        "excluded": [
          "two_handed"
        ],
        "included": [
          "weapon_family"
        ],
        "req_type": "INCLUDES_ANY"
      }
    ]
  },
  "stats": [
    {
      "type": "FLAT",
      "max": 2.0,
      "min": 0.4,
      "stat": "gear_weapon_damage"
    }
  ],
  "weight": 1000
}