{
  "base_stats": [
    {
      "type": "FLAT",
      "max": 4.5,
      "min": 2.25,
      "stat": "armor"
    },
    {
      "type": "FLAT",
      "max": 7.5,
      "min": 3.75,
      "stat": "magic_shield"
    }
  ],
  "gear_slot": "helmet",
  "guid": "chainmail_helmet",
  "possible_items": [
    {
      "item_id": "cte_essentials:plate_0_helmet",
      "min_rar": "common",
      "weight": 1
    },
    {
      "item_id": "cte_essentials:plate_1_helmet",
      "min_rar": "uncommon",
      "weight": 10
    },
    {
      "item_id": "cte_essentials:plate_2_helmet",
      "min_rar": "rare",
      "weight": 100
    },
    {
      "item_id": "cte_essentials:plate_3_helmet",
      "min_rar": "epic",
      "weight": 1000
    },
    {
      "item_id": "cte_essentials:plate_4_helmet",
      "min_rar": "legendary",
      "weight": 10000
    },
    {
      "item_id": "cte_essentials:plate_5_helmet",
      "min_rar": "mythic",
      "weight": 100000
    }
  ],
  "req": {
    "base_req": {},
    "scaling_req": {
      "strength": 0.25,
      "intelligence": 0.25
    }
  },
  "style": "STR",
  "tags": {
    "tags": [
      "armor_family",
      "strength",
      "intelligence",
	  "cloth_helmet",
      "helmet",
      "armor_stat",
      "armor_stat_half",
      "magic_shield_stat",
      "magic_shield_stat_half",
	  "plate_helmet",
	  "dual_stat",
	  "chainmail"
    ]
  },
  "weapon_type": "none",
  "weight": 1000
}