{
  "base_stats": [
    {
      "type": "FLAT",
      "max": 8.0,
      "min": 4.0,
      "stat": "weapon_damage"
    },
	{
	  "type": "FLAT",
	  "max": 6.0,
	  "min": 3.0,
	  "stat": "mana_on_basic_hit"
	}
  ],
  "gear_slot": "dagger",
  "guid": "dagger",
  "possible_items": [
    {
      "item_id": "roe_weapons:dagger_0",
      "min_rar": "common",
      "weight": 1
    },
	{
      "item_id": "roe_weapons:kunai_0",
      "min_rar": "common",
      "weight": 1
    },
    {
      "item_id": "roe_weapons:dagger_1",
      "min_rar": "uncommon",
      "weight": 10
    },
	{
      "item_id": "roe_weapons:kunai_1",
      "min_rar": "uncommon",
      "weight": 10
    },
    {
      "item_id": "roe_weapons:dagger_2",
      "min_rar": "rare",
      "weight": 100
    },
	{
      "item_id": "roe_weapons:kunai_2",
      "min_rar": "rare",
      "weight": 100
    },
    {
      "item_id": "roe_weapons:dagger_3",
      "min_rar": "epic",
      "weight": 1000
    },
	{
      "item_id": "roe_weapons:kunai_3",
      "min_rar": "epic",
      "weight": 1000
    },
    {
      "item_id": "roe_weapons:dagger_4",
      "min_rar": "legendary",
      "weight": 10000
    },
	{
      "item_id": "roe_weapons:kunai_4",
      "min_rar": "legendary",
      "weight": 10000
    },
    {
      "item_id": "roe_weapons:dagger_5",
      "min_rar": "mythic",
      "weight": 100000
    },
	{
      "item_id": "roe_weapons:kunai_5",
      "min_rar": "mythic",
      "weight": 100000
    }
  ],
  "req": {
    "base_req": {},
    "scaling_req": {
      "intelligence": 0.25,
      "dexterity": 0.25
    }
  },
  "style": "DEX",
  "tags": {
    "tags": [
      "mage_weapon",
      "dagger",
      "weapon_family",
      "melee_weapon",
      "intelligence",
      "dexterity"
    ]
  },
  "weapon_type": "dagger",
  "weight": 1000
}