{
  "type": "watcher_eye",
  "eye_aura_req": "cold_res",
  "guid": "cold_res_eye",
  "one_of_a_kind": "",
  "only_one_per_item": true,
  "requirements": {
    "tag_requirements": [
      {
        "type": "GearSlot",
        "excluded": [],
        "included": [],
        "req_type": "INCLUDES_ANY"
      }
    ]
  },
  "stats": [
    {
      "type": "FLAT",
      "max": 6.0,
      "min": 3.0,
      "stat": "water_dmg_reduction"
    },
    {
      "type": "FLAT",
      "max": 4.0,
      "min": 2.0,
      "stat": "max_water_resist"
    }
  ],
  "weight": 1000
}