{
  "type": "watcher_eye",
  "eye_aura_req": "physical_ailment",
  "guid": "physical_ailment_eye",
  "one_of_a_kind": "",
  "only_one_per_item": true,
  "requirements": {
    "tag_requirements": [
      {
        "type": "GearSlot",
        "excluded": [],
        "included": [],
        "req_type": "INCLUDES_ANY"
      }
    ]
  },
  "stats": [
    {
      "type": "FLAT",
      "max": 2.9,
      "min": 1.0,
      "stat": "plus_lvl_physical_spells"
    },
    {
      "type": "MORE",
      "max": 20.0,
      "min": 10.0,
      "stat": "bleed_damage"
    }
  ],
  "weight": 1000
}