{
  "type": "implicit",
  "eye_aura_req": "",
  "guid": "thorn_rapier",
  "one_of_a_kind": "",
  "only_one_per_item": true,
  "requirements": {
    "tag_requirements": [
      {
        "type": "GearSlot",
        "excluded": [
          "two_handed"
        ],
        "included": [
          "sword"
        ],
        "req_type": "HAS_ALL"
      }
    ]
  },
  "stats": [
    {
      "type": "FLAT",
      "max": 3.0,
      "min": 3.0,
      "stat": "critical_hit"
    },
    {
      "type": "FLAT",
      "max": 10.0,
      "min": 5.0,
      "stat": "thorns_spell_dmg"
    }
  ],
  "weight": 0
}