{
  "type": "crafted_jewel_unique",
  "eye_aura_req": "",
  "guid": "lightningjewel_res",
  "one_of_a_kind": "",
  "only_one_per_item": true,
  "requirements": {
    "tag_requirements": [
      {
        "type": "GearSlot",
        "excluded": [],
        "included": [
          "crafted_jewel_unique"
        ],
        "req_type": "INCLUDES_ANY"
      }
    ]
  },
  "stats": [
    {
      "type": "FLAT",
      "max": 30.0,
      "min": 10.0,
      "stat": "lightning_resist"
    }
  ],
  "weight": 5000
}