{
  "base_stats": [
    {
      "type": "FLAT",
      "max": 8.0,
      "min": 4.0,
      "stat": "weapon_damage"
    }
  ],
  "gear_slot": "bow",
  "guid": "bow",
  "possible_items": [
    {
      "item_id": "roe_weapons:bow_0",
      "min_rar": "common",
      "weight": 1
    },
    {
      "item_id": "roe_weapons:bow_1",
      "min_rar": "uncommon",
      "weight": 10
    },
    {
      "item_id": "roe_weapons:bow_2",
      "min_rar": "rare",
      "weight": 100
    },
    {
      "item_id": "roe_weapons:bow_3",
      "min_rar": "epic",
      "weight": 1000
    },
    {
      "item_id": "roe_weapons:bow_4",
      "min_rar": "legendary",
      "weight": 10000
    },
    {
      "item_id": "roe_weapons:bow_5",
      "min_rar": "mythic",
      "weight": 100000
    }
  ],
  "req": {
    "base_req": {},
    "scaling_req": {
      "dexterity": 0.4
    }
  },
  "style": "DEX",
  "tags": {
    "tags": [
      "dexterity",
      "ranged_weapon",
      "weapon_family",
      "bow"
    ]
  },
  "weapon_type": "bow",
  "weight": 1000
}