{
  "type": "watcher_eye",
  "eye_aura_req": "dodge",
  "guid": "dodge_eye",
  "one_of_a_kind": "",
  "only_one_per_item": true,
  "requirements": {
    "tag_requirements": [
      {
        "type": "GearSlot",
        "excluded": [],
        "included": [],
        "req_type": "INCLUDES_ANY"
      }
    ]
  },
  "stats": [
    {
      "type": "FLAT",
      "max": 10.0,
      "min": 5.0,
      "stat": "move_speed"
    },
    {
      "type": "MORE",
      "max": 10.0,
      "min": 5.0,
      "stat": "dodge"
    }
  ],
  "weight": 1000
}