{
  "type": "watcher_eye",
  "eye_aura_req": "ele_res",
  "guid": "ele_res_eye",
  "one_of_a_kind": "",
  "only_one_per_item": true,
  "requirements": {
    "tag_requirements": [
      {
        "type": "GearSlot",
        "excluded": [],
        "included": [],
        "req_type": "INCLUDES_ANY"
      }
    ]
  },
  "stats": [
    {
      "type": "FLAT",
      "max": 2.9,
      "min": 1.0,
      "stat": "plus_lvl_all_spells"
    },
    {
      "type": "FLAT",
      "max": 10.0,
      "min": 5.0,
      "stat": "elemental_resist"
    }
  ],
  "weight": 1000
}