{
  "type": "implicit",
  "eye_aura_req": "",
  "guid": "wildfire_staff",
  "one_of_a_kind": "",
  "only_one_per_item": true,
  "requirements": {
    "tag_requirements": [
      {
        "type": "GearSlot",
        "excluded": [],
        "included": [
          "staff"
        ],
        "req_type": "HAS_ALL"
      }
    ]
  },
  "stats": [
    {
      "type": "FLAT",
      "max": 10.0,
      "min": 5.0,
      "stat": "all_fire_damage"
    },
    {
      "type": "FLAT",
      "max": 5.0,
      "min": 3.0,
      "stat": "burn_chance"
    }
  ],
  "weight": 0
}