{
  "type": "prefix",
  "eye_aura_req": "",
  "guid": "desolation",
  "one_of_a_kind": "",
  "only_one_per_item": true,
  "requirements": {
    "tag_requirements": [
      {
        "type": "GearSlot",
        "excluded": [],
        "included": [
          "mage_weapon",
          "jewel_str"
        ],
        "req_type": "INCLUDES_ANY"
      }
    ]
  },
  "stats": [
    {
      "type": "PERCENT",
      "max": 20.0,
      "min": 4.0,
      "stat": "critical_hit"
    },
    {
      "type": "FLAT",
      "max": 20.0,
      "min": 4.0,
      "stat": "critical_damage"
    }
  ],
  "weight": 100
}