{
  "type": "prefix",
  "eye_aura_req": "",
  "guid": "energetic",
  "one_of_a_kind": "",
  "only_one_per_item": true,
  "requirements": {
    "tag_requirements": [
      {
        "type": "GearSlot",
        "excluded": [],
        "included": [
          "totem",
		  "pants",
		  "jewelry_family",
          "jewel_dex"
        ],
        "req_type": "INCLUDES_ANY"
      }
    ]
  },
  "stats": [
    {
      "type": "FLAT",
      "max": 3.0,
      "min": 0.6,
      "stat": "energy_regen"
    }
  ],
  "weight": 1000
}