{
  "type": "prefix",
  "eye_aura_req": "",
  "guid": "fletchers",
  "one_of_a_kind": "",
  "only_one_per_item": true,
  "requirements": {
    "tag_requirements": [
      {
        "type": "GearSlot",
        "excluded": [],
        "included": [
          "bow",
          "crossbow",
		  "totem"
        ],
        "req_type": "INCLUDES_ANY"
      }
    ]
  },
  "stats": [
    {
      "type": "FLAT",
      "max": 1.0,
      "min": 1.0,
      "stat": "plus_lvl_ranged_spells"
    }
  ],
  "weight": 500
}