{
  "type": "prefix",
  "eye_aura_req": "",
  "guid": "heal_crit_prefix",
  "one_of_a_kind": "",
  "only_one_per_item": true,
  "requirements": {
    "tag_requirements": [
      {
        "type": "GearSlot",
        "excluded": [],
        "included": [
          "staff",
		  "hammer",
		  "tome"
        ],
        "req_type": "INCLUDES_ANY"
      }
    ]
  },
  "stats": [
    {
      "type": "FLAT",
      "max": 25.0,
      "min": 5.0,
      "stat": "spell_damage_per_perc_of_increase_healing"
    }
  ],
  "weight": 1000
}