{
  "type": "prefix",
  "eye_aura_req": "",
  "guid": "item_both_armor_half",
  "one_of_a_kind": "",
  "only_one_per_item": true,
  "requirements": {
    "tag_requirements": [
      {
        "type": "GearSlot",
        "excluded": [
		  "dual_stat"
		],
        "included": [
          "armor_stat_half"
        ],
        "req_type": "INCLUDES_ANY"
      }
    ]
  },
  "stats": [
    {
      "type": "PERCENT",
      "max": 30.0,
      "min": 6.0,
      "stat": "gear_defense"
    },
    {
      "type": "FLAT",
      "max": 0.75,
      "min": 0.15,
      "stat": "gear_defense"
    }
  ],
  "weight": 1000
}