{
  "type": "prefix",
  "eye_aura_req": "",
  "guid": "item_flat_ms",
  "one_of_a_kind": "",
  "only_one_per_item": true,
  "requirements": {
    "tag_requirements": [
      {
        "type": "GearSlot",
        "excluded": [
          "magic_shield_stat_half",
		  "dual_stat"
        ],
        "included": [
          "magic_shield_stat"
        ],
        "req_type": "INCLUDES_ANY"
      }
    ]
  },
  "stats": [
    {
      "type": "FLAT",
      "max": 12.0,
      "min": 2.4,
      "stat": "gear_defense"
    }
  ],
  "weight": 1000
}