{
  "type": "prefix",
  "eye_aura_req": "",
  "guid": "warlords",
  "one_of_a_kind": "",
  "only_one_per_item": true,
  "requirements": {
    "tag_requirements": [
      {
        "type": "GearSlot",
        "excluded": [
		  "bow",
		  "crossbow"
		],
        "included": [
          "weapon_family"
        ],
        "req_type": "INCLUDES_ANY"
      }
    ]
  },
  "stats": [
    {
      "type": "PERCENT",
      "max": 20.0,
      "min": 4.0,
      "stat": "gear_weapon_damage"
    },
    {
      "type": "FLAT",
      "max": 20.0,
      "min": 4.0,
      "stat": "attack_speed"
    }
  ],
  "weight": 1000
}