{
  "type": "prefix",
  "eye_aura_req": "",
  "guid": "water_spell_ele_dmg",
  "one_of_a_kind": "",
  "only_one_per_item": true,
  "requirements": {
    "tag_requirements": [
      {
        "type": "GearSlot",
        "excluded": [],
        "included": [
          "mage_weapon",
          "jewel_int",
		  "tome"
        ],
        "req_type": "INCLUDES_ANY"
      }
    ]
  },
  "stats": [
    {
      "type": "FLAT",
      "max": 15.0,
      "min": 3.0,
      "stat": "spell_water_damage"
    }
  ],
  "weight": 500
}