{
  "type": "suffix",
  "eye_aura_req": "",
  "guid": "chaos_res",
  "one_of_a_kind": "",
  "only_one_per_item": true,
  "requirements": {
    "tag_requirements": [
      {
        "type": "GearSlot",
        "excluded": [],
        "included": [
          "jewelry_family",
          "armor_family",
          "offhand_family"
        ],
        "req_type": "INCLUDES_ANY"
      }
    ]
  },
  "stats": [
    {
      "type": "FLAT",
      "max": 25.0,
      "min": 5.0,
      "stat": "chaos_resist"
    }
  ],
  "weight": 3000
}