{
  "type": "suffix",
  "eye_aura_req": "",
  "guid": "of_devastation",
  "one_of_a_kind": "",
  "only_one_per_item": true,
  "requirements": {
    "tag_requirements": [
      {
        "type": "GearSlot",
        "excluded": [],
        "included": [
          "necklace",
          "mage_weapon"
        ],
        "req_type": "INCLUDES_ANY"
      }
    ]
  },
  "stats": [
    {
      "type": "FLAT",
      "max": 20.0,
      "min": 4.0,
      "stat": "critical_damage"
    }
  ],
  "weight": 1000
}