{
  "type": "suffix",
  "eye_aura_req": "",
  "guid": "of_electricity",
  "one_of_a_kind": "",
  "only_one_per_item": true,
  "requirements": {
    "tag_requirements": [
      {
        "type": "GearSlot",
        "excluded": [],
        "included": [
          "weapon_family"
        ],
        "req_type": "INCLUDES_ANY"
      }
    ]
  },
  "stats": [
    {
      "type": "FLAT",
      "max": 20.0,
      "min": 4.0,
      "stat": "electrify_chance"
    },
    {
      "type": "FLAT",
      "max": 20.0,
      "min": 4.0,
      "stat": "electrify_proc_chance"
    }
  ],
  "weight": 250
}