{
  "type": "suffix",
  "eye_aura_req": "",
  "guid": "of_the_wind",
  "one_of_a_kind": "",
  "only_one_per_item": true,
  "requirements": {
    "tag_requirements": [
      {
        "type": "GearSlot",
        "excluded": [
          "weapon_family"
        ],
        "included": [
          "jewelry_family",
          "armor_family"
        ],
        "req_type": "INCLUDES_ANY"
      }
    ]
  },
  "stats": [
    {
      "type": "FLAT",
      "max": 5.0,
      "min": 1.0,
      "stat": "dexterity"
    }
  ],
  "weight": 1000
}