{
  "type": "suffix",
  "eye_aura_req": "",
  "guid": "paragon_virtue",
  "one_of_a_kind": "",
  "only_one_per_item": true,
  "requirements": {
    "tag_requirements": [
      {
        "type": "GearSlot",
        "excluded": [],
        "included": [
          "necklace"
        ],
        "req_type": "INCLUDES_ANY"
      }
    ]
  },
  "stats": [
    {
      "type": "FLAT",
      "max": 5.0,
      "min": 1.0,
      "stat": "jewel_effect"
    },
    {
      "type": "FLAT",
      "max": 10.0,
      "min": 2.0,
      "stat": "magic_find"
    }
  ],
  "weight": 50
}