{
  "type": "suffix",
  "eye_aura_req": "",
  "guid": "paragon_generosity",
  "one_of_a_kind": "",
  "only_one_per_item": true,
  "requirements": {
    "tag_requirements": [
      {
        "type": "GearSlot",
        "excluded": [],
        "included": [
          "boots"
        ],
        "req_type": "INCLUDES_ANY"
      }
    ]
  },
  "stats": [
    {
      "type": "FLAT",
      "max": 5.0,
      "min": 1.0,
      "stat": "jewel_effect"
    },
    {
      "type": "FLAT",
      "max": 15.0,
      "min": 3.0,
      "stat": "inc_effect_of_defensive_buff_given"
    }
  ],
  "weight": 50
}