{
  "type": "suffix",
  "eye_aura_req": "",
  "guid": "of_tree_felling",
  "one_of_a_kind": "",
  "only_one_per_item": true,
  "requirements": {
    "tag_requirements": [
      {
        "type": "GearSlot",
        "excluded": [],
        "included": [
          "axe"
        ],
        "req_type": "INCLUDES_ANY"
      }
    ]
  },
  "stats": [
    {
      "type": "FLAT",
      "max": 5.0,
      "min": 1.0,
      "stat": "axe_damage"
    },
    {
      "type": "FLAT",
      "max": 10.0,
      "min": 2.0,
      "stat": "critical_damage"
    }
  ],
  "weight": 1000
}