{
  "type": "chaos_stat",
  "eye_aura_req": "",
  "guid": "gear_corruptlightning_damage",
  "one_of_a_kind": "",
  "only_one_per_item": true,
  "requirements": {
    "tag_requirements": [
      {
        "type": "GearSlot",
        "excluded": [],
        "included": [
          "weapon_family"
        ],
        "req_type": "INCLUDES_ANY"
      }
    ]
  },
  "stats": [
    {
      "type": "MORE",
      "max": 5.0,
      "min": 5.0,
      "stat": "all_lightning_damage"
    }
  ],
  "weight": 1000
}