{
  "type": "chaos_stat",
  "eye_aura_req": "",
  "guid": "gear_corrupthelmet_summon",
  "one_of_a_kind": "",
  "only_one_per_item": true,
  "requirements": {
    "tag_requirements": [
      {
        "type": "GearSlot",
        "excluded": [],
        "included": [
          "helmet"
        ],
        "req_type": "INCLUDES_ANY"
      }
    ]
  },
  "stats": [
	{
      "type": "flat",
      "max": 1.0,
      "min": 1.0,
      "stat": "max_total_summons"
    },
    {
      "type": "FLAT",
      "max": 4.0,
      "min": 4.0,
      "stat": "summon_damage"
    }
  ],
  "weight": 1000
}