{
  "type": "suffix",
  "eye_aura_req": "",
  "guid": "of_ease",
  "one_of_a_kind": "",
  "only_one_per_item": true,
  "requirements": {
    "tag_requirements": [
      {
        "type": "GearSlot",
        "excluded": [
		  "bow",
		  "crossbow"
		],
        "included": [
          "weapon_family",
		  "totem"
        ],
        "req_type": "INCLUDES_ANY"
      }
    ]
  },
  "stats": [
    {
      "type": "FLAT",
      "max": 25.0,
      "min": 5.0,
      "stat": "attack_speed"
    }
  ],
  "weight": 1000
}