{
  "type": "suffix",
  "eye_aura_req": "",
  "guid": "of_fast_cast",
  "one_of_a_kind": "",
  "only_one_per_item": true,
  "requirements": {
    "tag_requirements": [
      {
        "type": "GearSlot",
        "excluded": [],
        "included": [
          "mage_weapon",
          "jewelry_family",
		  "tome"
        ],
        "req_type": "INCLUDES_ANY"
      }
    ]
  },
  "stats": [
    {
      "type": "FLAT",
      "max": 5.0,
      "min": 1.0,
      "stat": "cast_speed"
    }
  ],
  "weight": 1000
}