{
  "base_stats": [
    {
      "type": "FLAT",
      "max": 9.0,
      "min": 4.5,
      "stat": "armor"
    },
    {
      "type": "FLAT",
      "max": 15.0,
      "min": 7.5,
      "stat": "magic_shield"
    }
  ],
  "gear_slot": "chest",
  "guid": "chainmail_chest",
  "possible_items": [
    {
      "item_id": "cte_essentials:plate_0_chestplate",
      "min_rar": "common",
      "weight": 1
    },
    {
      "item_id": "cte_essentials:plate_1_chestplate",
      "min_rar": "uncommon",
      "weight": 10
    },
    {
      "item_id": "cte_essentials:plate_2_chestplate",
      "min_rar": "rare",
      "weight": 100
    },
    {
      "item_id": "cte_essentials:plate_3_chestplate",
      "min_rar": "epic",
      "weight": 1000
    },
    {
      "item_id": "cte_essentials:plate_4_chestplate",
      "min_rar": "legendary",
      "weight": 10000
    },
    {
      "item_id": "cte_essentials:plate_5_chestplate",
      "min_rar": "mythic",
      "weight": 100000
    }
  ],
  "req": {
    "base_req": {},
    "scaling_req": {
      "strength": 0.25,
      "intelligence": 0.25
    }
  },
  "style": "STR",
  "tags": {
    "tags": [
      "chest",
      "armor_family",
      "strength",
      "intelligence",
	  "cloth_chest",
      "armor_stat",
      "magic_shield_stat",
	  "plate_chest",
	  "dual_stat",
	  "chainmail"
    ]
  },
  "weapon_type": "none",
  "weight": 1000
}