{
  "base_stats": [
    {
      "type": "FLAT",
      "max": 12.0,
      "min": 6.0,
      "stat": "weapon_damage"
    },
	{
	  "type": "FLAT",
	  "max": 7.5,
	  "min": 3.75,
	  "stat": "mana_on_basic_hit"
	}
  ],
  "gear_slot": "scythe",
  "guid": "scythe",
  "possible_items": [
    {
      "item_id": "roe_weapons:scythe_0",
      "min_rar": "common",
      "weight": 1
    },
    {
      "item_id": "roe_weapons:scythe_1",
      "min_rar": "uncommon",
      "weight": 10
    },
    {
      "item_id": "roe_weapons:scythe_2",
      "min_rar": "rare",
      "weight": 100
    },
    {
      "item_id": "roe_weapons:scythe_3",
      "min_rar": "epic",
      "weight": 1000
    },
    {
      "item_id": "roe_weapons:scythe_4",
      "min_rar": "legendary",
      "weight": 10000
    },
    {
      "item_id": "roe_weapons:scythe_5",
      "min_rar": "mythic",
      "weight": 100000
    }
  ],
  "req": {
    "base_req": {},
    "scaling_req": {
      "strength": 0.25,
      "intelligence": 0.25
    }
  },
  "style": "STR",
  "tags": {
    "tags": [
      "mage_weapon",
      "intelligence",
      "scythe",
      "strength",
      "melee_weapon",
      "weapon_family",
      "two_handed"
    ]
  },
  "weapon_type": "scythe",
  "weight": 1000
}