{
  "base_stats": [
    {
      "type": "FLAT",
      "max": 8.0,
      "min": 4.0,
      "stat": "weapon_damage"
    }
  ],
  "gear_slot": "sword",
  "guid": "sword",
  "possible_items": [
    {
      "item_id": "roe_weapons:sword_0",
      "min_rar": "common",
      "weight": 1
    },
    {
      "item_id": "roe_weapons:sword_1",
      "min_rar": "uncommon",
      "weight": 10
    },
    {
      "item_id": "roe_weapons:sword_2",
      "min_rar": "rare",
      "weight": 100
    },
    {
      "item_id": "roe_weapons:sword_3",
      "min_rar": "epic",
      "weight": 1000
    },
    {
      "item_id": "roe_weapons:sword_4",
      "min_rar": "legendary",
      "weight": 10000
    },
    {
      "item_id": "roe_weapons:sword_5",
      "min_rar": "mythic",
      "weight": 100000
    }
  ],
  "req": {
    "base_req": {},
    "scaling_req": {
      "strength": 0.4
    }
  },
  "style": "STR",
  "tags": {
    "tags": [
      "sword",
      "strength",
      "melee_weapon",
      "weapon_family"
    ]
  },
  "weapon_type": "sword",
  "weight": 1000
}