{
  "base_stats": [
    {
      "type": "FLAT",
      "max": 10.0,
      "min": 5.0,
      "stat": "magic_shield"
    }
  ],
  "gear_slot": "boots",
  "guid": "cloth_boots",
  "possible_items": [
    {
      "item_id": "cte_essentials:cloth_0_boots",
      "min_rar": "common",
      "weight": 1
    },
    {
      "item_id": "cte_essentials:cloth_1_boots",
      "min_rar": "uncommon",
      "weight": 10
    },
    {
      "item_id": "cte_essentials:cloth_2_boots",
      "min_rar": "rare",
      "weight": 100
    },
    {
      "item_id": "cte_essentials:cloth_3_boots",
      "min_rar": "epic",
      "weight": 1000
    },
    {
      "item_id": "cte_essentials:cloth_4_boots",
      "min_rar": "legendary",
      "weight": 10000
    },
    {
      "item_id": "cte_essentials:cloth_5_boots",
      "min_rar": "mythic",
      "weight": 100000
    }
  ],
  "req": {
    "base_req": {},
    "scaling_req": {
      "intelligence": 0.4
    }
  },
  "style": "INT",
  "tags": {
    "tags": [
      "armor_family",
      "magic_shield_stat",
      "magic_shield_stat_half",
      "boots",
      "intelligence",
	  "cloth_boots",
	  "cloth"
    ]
  },
  "weapon_type": "none",
  "weight": 1000
}