{
  "base_stats": [
    {
      "type": "FLAT",
      "max": 10.0,
      "min": 5.0,
      "stat": "armor"
    },
    {
      "type": "FLAT",
      "max": 10.0,
      "min": 5.0,
      "stat": "block_chance"
    }
  ],
  "gear_slot": "shield",
  "guid": "shield",
  "possible_items": [
    {
      "item_id": "roe_weapons:shield_0",
      "min_rar": "common",
      "weight": 1
    },
    {
      "item_id": "roe_weapons:shield_1",
      "min_rar": "uncommon",
      "weight": 10
    },
    {
      "item_id": "roe_weapons:shield_2",
      "min_rar": "rare",
      "weight": 100
    },
    {
      "item_id": "roe_weapons:shield_3",
      "min_rar": "epic",
      "weight": 1000
    },
    {
      "item_id": "roe_weapons:shield_4",
      "min_rar": "legendary",
      "weight": 10000
    },
    {
      "item_id": "roe_weapons:shield_5",
      "min_rar": "mythic",
      "weight": 100000
    }
  ],
  "req": {
    "base_req": {},
    "scaling_req": {
      "strength": 0.4
    }
  },
  "style": "STR",
  "tags": {
    "tags": [
      "shield",
      "strength",
      "offhand_family",
      "armor_stat"
    ]
  },
  "weapon_type": "none",
  "weight": 1000
}