{
  "base_stats": [
    {
      "type": "FLAT",
      "max": 20.0,
      "min": 10.0,
      "stat": "magic_shield"
    },
    {
      "type": "FLAT",
      "max": 8.0,
      "min": 4.0,
      "stat": "physical_resist"
    }
  ],
  "gear_slot": "tome",
  "guid": "tome",
  "possible_items": [
    {
      "item_id": "roe_weapons:tome_0",
      "min_rar": "common",
      "weight": 1
    },
    {
      "item_id": "roe_weapons:tome_1",
      "min_rar": "uncommon",
      "weight": 10
    },
    {
      "item_id": "roe_weapons:tome_2",
      "min_rar": "rare",
      "weight": 100
    },
    {
      "item_id": "roe_weapons:tome_3",
      "min_rar": "epic",
      "weight": 1000
    },
    {
      "item_id": "roe_weapons:tome_4",
      "min_rar": "legendary",
      "weight": 10000
    },
    {
      "item_id": "roe_weapons:tome_5",
      "min_rar": "mythic",
      "weight": 100000
    }
  ],
  "req": {
    "base_req": {},
    "scaling_req": {
      "intelligence": 0.4
    }
  },
  "style": "INT",
  "tags": {
    "tags": [
      "tome",
      "magic_shield_stat",
      "offhand_family",
      "intelligence"
    ]
  },
  "weapon_type": "none",
  "weight": 1000
}