{
  "base_stats": [
    {
      "type": "FLAT",
      "max": 10.0,
      "min": 5.0,
      "stat": "dodge"
    },
    {
      "type": "FLAT",
      "max": 8.0,
      "min": 4.0,
      "stat": "elemental_resist"
    }
  ],
  "gear_slot": "totem",
  "guid": "totem",
  "possible_items": [
    {
      "item_id": "roe_weapons:totem_0",
      "min_rar": "common",
      "weight": 1
    },
    {
      "item_id": "roe_weapons:totem_1",
      "min_rar": "uncommon",
      "weight": 10
    },
    {
      "item_id": "roe_weapons:totem_2",
      "min_rar": "rare",
      "weight": 100
    },
    {
      "item_id": "roe_weapons:totem_3",
      "min_rar": "epic",
      "weight": 1000
    },
    {
      "item_id": "roe_weapons:totem_4",
      "min_rar": "legendary",
      "weight": 10000
    },
    {
      "item_id": "roe_weapons:totem_5",
      "min_rar": "mythic",
      "weight": 100000
    }
  ],
  "req": {
    "base_req": {},
    "scaling_req": {
      "dexterity": 0.4
    }
  },
  "style": "DEX",
  "tags": {
    "tags": [
      "dexterity",
      "dodge_stat",
      "totem",
      "offhand_family"
    ]
  },
  "weapon_type": "none",
  "weight": 1000
}