{
  "base_stats": [
    {
      "type": "FLAT",
      "max": 6.0,
      "min": 2.0,
      "stat": "weapon_damage"
    }
  ],
  "gear_slot": "trident",
  "guid": "trident",
  "possible_items": [
    {
      "item_id": "minecraft:trident",
      "min_rar": "common",
      "weight": 1000
    }
  ],
  "req": {
    "base_req": {},
    "scaling_req": {
      "strength": 0.5
    }
  },
  "style": "STR",
  "tags": {
    "tags": [
      "dexterity",
      "trident",
      "strength",
      "melee_weapon",
      "weapon_family"
    ]
  },
  "weapon_type": "trident",
  "weight": 0
}