{
  "type": "tool",
  "eye_aura_req": "",
  "guid": "fishing_line_strength",
  "one_of_a_kind": "",
  "only_one_per_item": true,
  "requirements": {
    "tag_requirements": [
      {
        "type": "GearSlot",
        "excluded": [],
        "included": [
          "tool",
          "fishing_tool"
        ],
        "req_type": "INCLUDES_ANY"
      }
    ]
  },
  "stats": [
    {
      "type": "FLAT",
      "max": 60.0,
      "min": 15.0,
      "stat": "fishing_line_strength"
    }
  ],
  "weight": 0
}