{
  "type": "crafted_jewel_unique",
  "eye_aura_req": "",
  "guid": "crafted_jewel_ms",
  "one_of_a_kind": "",
  "only_one_per_item": true,
  "requirements": {
    "tag_requirements": [
      {
        "type": "GearSlot",
        "excluded": [],
        "included": [
          "crafted_jewel_unique"
        ],
        "req_type": "INCLUDES_ANY"
      }
    ]
  },
  "stats": [
    {
      "type": "PERCENT",
      "max": 15.0,
      "min": 5.0,
      "stat": "magic_shield"
    }
  ],
  "weight": 1000
}