{
  "type": "chaos_stat",
  "eye_aura_req": "",
  "guid": "gear_corrupttotem_wpncdrperaspd",
  "one_of_a_kind": "",
  "only_one_per_item": true,
  "requirements": {
    "tag_requirements": [
      {
        "type": "GearSlot",
        "excluded": [],
        "included": [
          "totem"
        ],
        "req_type": "INCLUDES_ANY"
      }
    ]
  },
  "stats": [
    {
      "type": "FLAT",
      "max": 10.0,
      "min": 10.0,
      "stat": "weapon_skill_cdr_per_attack_speed"
    }
  ],
  "weight": 1000
}