{
  "type": "chaos_stat",
  "eye_aura_req": "",
  "guid": "gear_corruptmax_lightning_resist",
  "one_of_a_kind": "",
  "only_one_per_item": true,
  "requirements": {
    "tag_requirements": [
      {
        "type": "GearSlot",
        "excluded": [],
        "included": [
          "armor_family"
        ],
        "req_type": "INCLUDES_ANY"
      }
    ]
  },
  "stats": [
    {
      "type": "FLAT",
      "max": 1.0,
      "min": 1.0,
      "stat": "max_lightning_resist"
    }
  ],
  "weight": 1000
}