{
  "type": "chaos_stat",
  "eye_aura_req": "",
  "guid": "gear_corruptbow_trap",
  "one_of_a_kind": "",
  "only_one_per_item": true,
  "requirements": {
    "tag_requirements": [
      {
        "type": "GearSlot",
        "excluded": [],
        "included": [
          "bow",
          "crossbow",
		  "boots"
        ],
        "req_type": "INCLUDES_ANY"
      }
    ]
  },
  "stats": [
	{
      "type": "flat",
      "max": 1.0,
      "min": 1.0,
      "stat": "plus_lvl_trap_spells"
    },
    {
      "type": "FLAT",
      "max": 8.0,
      "min": 8.0,
      "stat": "trap_spell_dmg"
    }
  ],
  "weight": 1000
}