{
  "type": "chaos_stat",
  "eye_aura_req": "",
  "guid": "gear_corruptnecklace_all",
  "one_of_a_kind": "",
  "only_one_per_item": true,
  "requirements": {
    "tag_requirements": [
      {
        "type": "GearSlot",
        "excluded": [],
        "included": [
          "necklace"
        ],
        "req_type": "INCLUDES_ANY"
      }
    ]
  },
  "stats": [
	{
      "type": "flat",
      "max": 1.0,
      "min": 1.0,
      "stat": "plus_lvl_all_spells"
    }
  ],
  "weight": 50
}